patient_id,actual_label,logistic_regression_probability,logistic_regression_predicted_label,random_forest_probability,random_forest_predicted_label,gradient_boosting_probability,gradient_boosting_predicted_label,temporal_1d_cnn_probability,temporal_1d_cnn_predicted_label
COMP-BRCA-0002,1,0.428991,0,0.783044,1,0.999996,1,0.31827,0
COMP-BRCA-0003,1,0.998635,1,0.996312,1,0.999999,1,0.892289,1
COMP-BRCA-0015,1,0.996246,1,0.980733,1,0.999999,1,0.994332,1
COMP-BRCA-0022,1,0.98952,1,0.998628,1,0.999999,1,0.994097,1
COMP-BRCA-0023,1,0.8653,1,0.94584,1,0.999998,1,0.672913,1
COMP-BRCA-0025,1,0.996798,1,0.99768,1,0.999999,1,0.998046,1
COMP-BRCA-0031,1,0.999986,1,0.999088,1,0.999999,1,0.94679,1
COMP-BRCA-0034,1,0.998965,1,0.996328,1,0.991778,1,0.983935,1
COMP-BRCA-0039,1,0.999984,1,0.99865,1,0.995696,1,0.996294,1
COMP-BRCA-0054,1,0.995996,1,0.995869,1,0.999999,1,0.987201,1
COMP-BRCA-0059,1,0.999823,1,0.998628,1,0.999999,1,0.993524,1
COMP-BRCA-0061,1,0.989994,1,0.992984,1,0.999999,1,0.956156,1
COMP-BRCA-0062,1,0.999968,1,0.998635,1,0.999999,1,0.992434,1
COMP-BRCA-0065,1,0.997351,1,0.996765,1,0.993025,1,0.954558,1
COMP-BRCA-0073,1,0.566122,1,0.806064,1,0.999998,1,0.811946,1
COMP-BRCA-0076,1,0.999215,1,0.995828,1,0.999999,1,0.991997,1
COMP-BRCA-0077,1,0.999977,1,0.999528,1,0.999999,1,0.995236,1
COMP-BRCA-0084,1,0.999987,1,0.998625,1,0.999999,1,0.997052,1
COMP-BRCA-0088,1,0.99491,1,0.997197,1,0.999999,1,0.975668,1
COMP-BRCA-0089,1,0.997215,1,0.998152,1,0.999999,1,0.99086,1
COMP-BRCA-0094,1,0.999947,1,0.988788,1,0.999998,1,0.993049,1
COMP-BRCA-0101,1,0.999988,1,0.997701,1,0.999999,1,0.963334,1
COMP-BRCA-0104,1,0.998194,1,0.995858,1,0.999999,1,0.93269,1
COMP-BRCA-0105,1,0.999312,1,0.988762,1,0.999999,1,0.99357,1
COMP-BRCA-0107,1,0.988357,1,0.99446,1,0.999999,1,0.904927,1
COMP-BRCA-0108,1,0.999995,1,1.0,1,0.999999,1,0.99598,1
COMP-BRCA-0110,1,0.998498,1,0.978208,1,0.999999,1,0.988921,1
COMP-BRCA-0114,1,0.997858,1,0.991185,1,0.999999,1,0.993423,1
COMP-BRCA-0117,1,0.99999,1,1.0,1,0.999999,1,0.992975,1
COMP-BRCA-0118,0,0.974855,1,0.949765,1,0.999997,1,0.987916,1
